-- phpMyAdmin SQL Dump
-- version 4.7.4
-- https://www.phpmyadmin.net/
--
-- Host: 127.0.0.1
-- Generation Time: Feb 21, 2019 at 03:13 PM
-- Server version: 10.1.30-MariaDB
-- PHP Version: 5.6.33

SET SQL_MODE = "NO_AUTO_VALUE_ON_ZERO";
SET AUTOCOMMIT = 0;
START TRANSACTION;
SET time_zone = "+00:00";


/*!40101 SET @OLD_CHARACTER_SET_CLIENT=@@CHARACTER_SET_CLIENT */;
/*!40101 SET @OLD_CHARACTER_SET_RESULTS=@@CHARACTER_SET_RESULTS */;
/*!40101 SET @OLD_COLLATION_CONNECTION=@@COLLATION_CONNECTION */;
/*!40101 SET NAMES utf8mb4 */;

--
-- Database: `bupc_imap`
--

-- --------------------------------------------------------

--
-- Table structure for table `buildings`
--

CREATE TABLE `buildings` (
  `id` int(255) NOT NULL,
  `building_code` varchar(4) NOT NULL,
  `building_name` varchar(555) NOT NULL,
  `building_desc` varchar(5555) DEFAULT NULL,
  `image_link` varchar(555) DEFAULT NULL,
  `coordinates` varchar(5555) NOT NULL,
  `coordinates_specific` varchar(5555) DEFAULT NULL,
  `created_at` datetime NOT NULL,
  `created_by` datetime NOT NULL,
  `updated_at` datetime NOT NULL,
  `updated_by` varchar(555) NOT NULL
) ENGINE=InnoDB DEFAULT CHARSET=latin1;

--
-- Dumping data for table `buildings`
--

INSERT INTO `buildings` (`id`, `building_code`, `building_name`, `building_desc`, `image_link`, `coordinates`, `coordinates_specific`, `created_at`, `created_by`, `updated_at`, `updated_by`) VALUES
(1, 'CESD', 'COMPUTER AND ENGINEERING STUDIES DEPARTMENT', 'In CESD it has 4 computer laboratories,\r\n2 engineering laboratories, CESD Department\r\nOffice, CESD Lobby, and Lecture rooms\r\nfrom ECB 11 to ECB 13.', 'img/real_img/CESD Building.jpg', '[[69.97516150878619,57.786073748193466],[72.44888401211942,67.71124905291477],[71.93781167247437,73.06908704926876],[72.07368323835914,73.50825409815023],[71.32806561678031,80.88626051935898],[71.15835403850126,80.97409392913531],[70.66939650281049,85.7170980570552],[70.31692532423106,85.7170980570552],[70.16824739637075,85.36576441795003],[68.87614959617409,85.27793100817375],[66.42188701769622,77.682102126679],[67.11578210372035,77.76993553645529],[67.48914607108176,78.64826963421825]]', NULL, '2019-01-10 00:00:00', '2019-01-10 00:00:00', '2019-01-10 00:00:00', 'Administrator'),
(2, 'SB', 'SALCEDA BUILDING', 'In SB we find the main library, Extension Libary,\r\nTeacher Education Department, OSA,\r\nAccreditation Office, General Analytical\r\nChemistry Laboratory, Speech Laboratory,\r\nMusic Room, And Lecture rooms from\r\nSB1-SB23.', 'img/real_img/Salceda Building.jpg', '[[58.70182,87.427735],[61.881099,87.427735],[62.128824,86.460938],[62.486461,86.352981],[63.719876,88.724483],[70.432011,108.529161],[70.750267,111.325252],[69.678573,115.453423],[69.255725,115.498104],[69.130738,115.058937],[67.00405,114.903774],[66.377555,120.085945],[68.59358,126.002038],[68.914318,129.541346],[67.711887,133.845183],[67.20333711138622,133.96087598971465],[66.79103597852527,132.9058451774415],[64.4708681925088,132.64208747437326],[54.052985668777794,112.59718866573026]]', NULL, '2019-01-10 00:00:00', '2019-01-10 00:00:00', '2019-01-10 00:00:00', 'Administrator'),
(3, 'AB', 'ADMIN BUILDING', 'From this building we have Lecture rooms from\r\nAB 12 to AB 14, Cashier, Assistant Dean\'s Office,\r\nDean\'s Office, Administartive Unit, Budget Unit,\r\nAccounting Unit, Information Communication\r\nTechnology, Internet Laboratory.', 'img/real_img/Admin Building.jpg', '[[66.73109687541323,47.890718871881894],[63.20227493000538,73.12353913208058],[64.78254265686367,77.51950084988526],[67.14440524752413,77.51950084988526],[67.41607467719243,78.31077395909011],[70.53351041708851,51.93500365226217],[69.32694741152935,46.92360729396485],[69.10856623777809,47.80279963752577]]', NULL, '2019-01-10 00:00:00', '2019-01-10 00:00:00', '2019-01-10 00:00:00', 'Administrator'),
(4, 'TB', 'TECHNOLOGY BUILDING', 'From this building we have Technlogy Department\r\nand Lecture rooms the TB1, TB2 and TB3.', 'img/real_img/Technology Building.jpg', '[[79.54779839643483,104.66015785932542],[79.32219937543252,108.70312660932544],[79.19113164237595,110.28515785932542],[78.92420922582524,112.04297035932542],[78.65077955397787,113.27343910932542],[78.44134543649503,114.15234535932544],[78.26390841248397,114.32812660932544],[78.08378633263015,114.67968910932542],[77.90094037278426,114.50390785932542],[77.82703051506934,114.32812660932544],[77.75267601704479,114.15234535932544],[77.56482771275634,114.32812660932544],[77.41250971929406,115.38281410932544],[77.7899090051186,117.66797035932542],[77.67787432973957,119.42578285932542],[77.56482771275634,119.42578285932542],[77.45076045798145,121.35937660932542],[77.52691912993511,121.88672035932542],[77.2583564656549,126.28125160932542],[77.86404086513447,129.7968766093254],[79.45169601043838,129.7968766093254],[79.64303486954377,130.67578285932544],[79.89282261206488,126.63281410932542],[80.3746465142854,114.85547035932544],[79.95433235375586,113.44922035932542],[80.19668776679275,108.17578285932544],[79.7060485154549,104.66015785932542],[79.51586085441964,105.01172035932544]]', NULL, '2019-01-10 00:00:00', '2019-01-10 00:00:00', '2019-01-10 00:00:00', 'Administrator'),
(5, 'MWSB', 'MACHINE AND WELDING SHOP BUILDING', 'It has Mechanical Technology Program\r\nand the working area for welding.', 'img/real_img/Machine and Welding Shop Building.jpg', '[[78.41122433035069,84.52148348093034],[78.30499960348553,87.15820223093034],[79.47066021581546,95.15624910593036],[79.61397913681631,95.15624910593036],[79.94092917963587,91.72851473093034],[79.01248854494155,84.3984290957451]]', NULL, '2019-01-13 00:00:00', '2019-01-13 00:00:00', '2019-01-13 00:00:00', 'Administrator'),
(6, 'CB', 'CACAPIT BUILDING', 'We have Ultra-Filtration Miniral Water Sation,\r\nLecture rooms the ER1 and ER2', 'img/real_img/Cacapit Building 1.jpg', '[[64.962808,15.738929],[69.6,33],[69.1,38],[67.6,38],[62.509,21],[63.509,16]]', NULL, '2019-01-13 00:00:00', '2019-01-13 00:00:00', '2019-01-13 00:00:00', 'Administrator'),
(7, 'AREC', 'AFFILIATED RENEWABLE ENERGY CENTER FOR REGION V', 'You can find out here the AREC Office and\r\nElectrical and Electronics rooms.', 'img/real_img/AREC Building.jpg', '[[76.28070177930805,62.23827034235001],[76.07107170541595,62.76561409235001],[75.42317193991038,67.33592659235002],[75.0656600454903,66.28123909235002],[74.60670478240162,66.28123909235002],[74.3720932479543,68.21483284235002],[75.24547475598219,72.96092659235002],[75.15583355209212,73.83983284235002],[75.6423510450802,76.65233284235002],[75.85830280063855,76.47655159235],[76.44617515512412,79.64061409235002],[77.47497133962729,79.46483284235002],[77.66382178047007,80.87108284235002],[77.81288135941399,80.69530159235002],[78.24949542158657,73.83983284235002],[76.36368470529501,62.06248909235001]]', NULL, '2019-01-13 00:00:00', '2019-01-13 00:00:00', '2019-01-13 00:00:00', ''),
(8, 'ND', 'NURSING DEPARTMENT', 'We have Nursing Department Office, AVR Nursing,\r\nLaboratory room, and 2 Lecture rooms.', 'img/real_img/Nursing Building.jpg', '[[72.49947156130135,120.68314758825252],[71.40983612754994,116.99414437764811],[71.24084108811438,117.34547801675332],[70.19537841801987,117.16981119720073],[67.7353855073644,140.70916501724776],[71.63287956771622,151.6005078295083],[72.39335112496917,151.24917419040312],[72.60497227777779,151.95184146861348],[73.55275077365796,141.36997864772906],[72.73671464276399,138.38364271533501],[72.63198829815182,138.64714294466393],[71.82669164669733,138.4714761251113],[71.68901148686788,140.0524775010846],[70.92797050693322,137.68097543712466],[72.50021427069699,120.64129394052348],[71.38256112986176,116.9522907299191]]', NULL, '2019-01-13 00:00:00', '2019-01-13 00:00:00', '2019-01-13 00:00:00', ''),
(9, 'FTB', 'FOOD TECHNOLOGY BUILDING', 'it has 3 Lecture rooms for Food Tech. students', 'img/real_img/Food Technology Building.jpg', '[[73.78049518967954,114.31722957317021],[73.70681558314249,114.5809014481702],[73.30832668351279,114.66879207317021],[73.33350735311161,115.10824519817017],[72.61431500212456,119.32699519817017],[72.40336325423033,119.50277644817017],[72.40336325423033,120.03012019817017],[72.58808064325068,120.64535457317017],[72.48275911523024,121.70004207317017],[73.10554660214869,124.24887019817017],[73.70681558314249,124.24887019817017],[74.96174245185752,129.52230769817018],[75.18770566488018,129.61019832317018],[75.29943925623837,129.87387019817018],[75.78134928199803,123.19418269817017],[73.78049518967954,114.40512019817021]]', NULL, '2019-01-13 00:00:00', '0000-00-00 00:00:00', '2019-01-13 00:00:00', ''),
(10, 'REPC', 'RESEARCH, EXTENSION, AND PRODUCTION CENTER', 'Research, Development and Extension Office.\r\nPhysical Development Management Office.', 'img/real_img/Research Extension and Production Center Building.jpg', '[[74.43813526849546,55.72265356779099],[74.0570631092037,59.41405981779099],[73.06420788795258,59.58984106779099],[71.29349302962387,51.32812231779099],[72.06555489406944,46.93359106779099],[72.598069122303,46.93359106779099]]', NULL, '2019-01-13 00:00:00', '0000-00-00 00:00:00', '2019-01-13 00:00:00', ''),
(11, 'ATB', 'AUTOMOTIVE BUILDING', 'Has 1 Lecture room the ATB 1 and automotive\r\nrepair shop for automotive students.', 'img/real_img/Automotive Building.jpg\r\n', '[[69.74823045848514,33.867174983024604],[72.04797158712186,43.535143733024604],[71.38587374832821,50.039049983024604],[70.34839258496831,49.8632687330246],[67.97307946140387,40.7226437330246],[68.23545630014446,38.437487483024604],[69.06778048747815,38.6132687330246]]', NULL, '2019-01-13 00:00:00', '0000-00-00 00:00:00', '2019-01-13 00:00:00', ''),
(12, 'CSS', 'COUNCIL STUDENT SERVICE', 'We can find the Guidance Center Office, NSTP\r\nOffice, School Publication Office and the\r\nCSC Office', 'img/real_img/Council Student Service Building.jpg', '[[67.4002953827253,98.62813593035163],[69.80478600334541,106.18180917111302],[70.28510120137943,103.45897346804786],[70.25540546334202,99.5064700281146],[69.00028288325933,95.20263294907615],[67.70260046229124,95.29046635885243]]', NULL, '2019-01-13 00:00:00', '0000-00-00 00:00:00', '2019-01-13 00:00:00', ''),
(13, 'BG', 'BUPC Gymnasium', 'Gymnasium also know as gym.\r\nis an indoor sports facility. And most school\r\nactivities was held in gymnasium.', 'img/real_img/Gym.jpg', '[[74.81272736969999,81.38671875000001],[74.62743156617185,83.84765625000001],[74.25019898670396,83.84765625000001],[74.00986212538015,83.49609375000001],[73.7167408011931,83.84765625000001],[73.06360570081802,91.58203125000001],[73.1147374429612,91.93359375],[73.06360570081802,92.28515625000001],[73.21655166497857,92.98828125],[73.1147374429612,93.69140625],[73.66738151685428,96.15234375],[73.26723494241632,100.37109375],[74.4870136204926,106.17187500000001],[74.15448959250065,111.09375000000001],[74.76660887491681,113.73046875000001],[75.13176000571299,112.67578125],[75.66349517994271,112.67578125],[75.83656922483517,113.02734375000001],[75.9223371361797,112.50000000000001],[76.29370785808293,113.9414030313492],[77.82703079785952,113.7656217813492],[78.17058279963095,114.32812392711641],[78.52557307495647,113.80078017711641],[78.90392990477454,111.69140517711641],[79.17133514473338,109.93359267711641],[79.52864772711025,104.30859267711641],[79.65566833627476,101.49609267711641],[79.65566833627476,97.62890517711641],[79.59234967247542,96.39843642711641],[79.33521973474879,94.64062392711641],[78.73350103181524,90.42187392711641],[77.65534658311203,83.03906142711641],[77.35107017210508,81.45703017711641],[77.07878449602097,80.92968642711641],[76.75248760669136,80.89452937245369],[76.67168316064918,81.2460918724537],[74.85870951825363,81.42187312245369]]', '[74.4439796751447,87.5390625]', '0000-00-00 00:00:00', '0000-00-00 00:00:00', '0000-00-00 00:00:00', ''),
(14, 'AVR', 'AUDIO VISUAL ROOM BUILDING', 'Viewing Room and Activity Center', 'img/real_img/AVR Building.jpg', '[[55.858779085663144,65.74218615889549],[57.40273071525779,65.5664049088955],[57.59130389082193,65.2148424088955],[61.99771854814834,75.2343736588955],[60.90775064638363,81.56249865889549],[60.73666189118315,81.3867174088955],[59.42404860633371,81.56249865889549],[54.65896260167713,71.8945299088955]]', '[58.05467324839181,75.76171875000001]', '0000-00-00 00:00:00', '0000-00-00 00:00:00', '0000-00-00 00:00:00', ''),
(15, 'D', 'DORMSTEL AND BUSINESS CENTER', 'It has activity center room and Dorm of\r\nBUPC students.', 'img/real_img/Dorm.jpg', '[[76.91156936226191,134.1159624400751],[76.38390963755035,142.20189994007507],[76.21739261042056,142.20189994007507],[76.00643611659818,145.36596244007507],[76.17545227413756,145.89330619007507],[75.61871266004631,154.15502494007507],[76.21739261042056,156.9675249400751],[77.22624328341934,157.1433061900751],[78.30576457819747,137.1042436900751],[77.75911463906843,134.1159624400751]]', '[76.71679591586437,143.96484375000003]', '0000-00-00 00:00:00', '0000-00-00 00:00:00', '0000-00-00 00:00:00', ''),
(16, 'C', 'CANTEEN', 'at the side of Canteen you can find the Alumni\r\nRelations Office.', '	\r\nimg/real_img/Canteen.jpg', '[[71.19291957722021,107.41934471282929],[72.02536684038967,107.5071781226056],[72.05249281835074,107.2436778932767],[73.28364232392366,111.63534838209144],[73.25832185010644,115.14868477314323],[72.61307227986822,119.2768550326291],[72.21441909047729,119.2768550326291],[71.44648379636028,116.81751955889283],[71.33419826131633,116.72968614911655],[71.24955432251441,117.08101978822171],[71.1645404100609,117.08101978822171],[70.41204169866069,114.88518454381438]]', '[71.84841255002245,112.50000000000001]', '0000-00-00 00:00:00', '0000-00-00 00:00:00', '0000-00-00 00:00:00', ''),
(17, 'M', 'MOTORPOOL', 'Parking Space for BUPC Private Vehicles.', 'img/real_img/Motorpool Arec.jpg', '[[76.36644084393139,60.04687875509263],[75.47020164375324,66.90234750509264],[75.15882856318072,66.02344125509264],[74.08916011540552,66.02344125509264],[73.30111233488061,62.15625375509263],[73.5513690460824,59.69531625509263],[73.99267000118647,59.87109750509263],[74.3279128257986,56.88281625509263],[75.3375463223301,56.70703500509263],[75.55798539064695,55.65234750509263]]', '[74.06214283352455,60.99609375000001]', '0000-00-00 00:00:00', '0000-00-00 00:00:00', '0000-00-00 00:00:00', ''),
(18, 'SF', 'SOCCER FIELD', 'A wide space for playing Soccer inside the Campus.', 'img/real_img/Field 2.jpg', '[[78.34230965676277,138.93749825656417],[79.86811486280907,148.95702950656414],[78.37777543334077,180.77343575656417],[76.71214600884448,170.40234200656417]]', '[78.48850127627827,158.73046875000003]', '0000-00-00 00:00:00', '0000-00-00 00:00:00', '0000-00-00 00:00:00', ''),
(19, 'ND', 'NURSING DEPARTMENT 1', 'We have Nursing Department Office, AVR Nursing,\r\nLaboratory room, and 2 Lecture rooms.', 'img/real_img/Nursing Building.jpg', '[[72.21585929574759,124.33612246503994],[71.61517817813098,131.01146160803833],[73.73441770852281,138.82863507812857],[72.58817789447048,152.969814052112],[73.46118899328854,156.0439833942824],[74.89904825688879,156.39531703338756],[76.27731065028104,135.66663232618197],[73.6850684896018,124.33612246503994]]', NULL, '2019-01-13 00:00:00', '2019-01-13 00:00:00', '2019-01-13 00:00:00', ''),
(20, 'M2', 'MOTORPOOL 2', 'Parking Space for BUPC Private Vehicles.', 'img/real_img/Motorpool 2.png', '[[44.47436, 106.570312],[43.525489, 110.085937],                 [48.933467, 117.292968],                 [50.151055, 114.082031],[50.151055, 112.324219],[45.675281, 106.347656]]', '[47.954203, 111.09375]', '0000-00-00 00:00:00', '0000-00-00 00:00:00', '0000-00-00 00:00:00', ''),
(21, 'P', 'PARKING LOT', 'Parking Space for BUPC Private Vehicles, and mostly Motorcycles.', 'img/real_img/Parking.png', '[[32.560457, 72.750006],[33.738483, 70.113287],[40.060982, 78.199224],[39.411771, 80.683594]]', '[36.406636, 75.234375]', '0000-00-00 00:00:00', '0000-00-00 00:00:00', '0000-00-00 00:00:00', '');

-- --------------------------------------------------------

--
-- Table structure for table `events`
--

CREATE TABLE `events` (
  `id` int(11) NOT NULL,
  `event_name` varchar(5555) NOT NULL,
  `event_desc` varchar(5555) NOT NULL,
  `event_date` date NOT NULL,
  `is_active` int(5) NOT NULL,
  `created_by` varchar(5555) NOT NULL,
  `created_at` timestamp NOT NULL DEFAULT '0000-00-00 00:00:00',
  `updated_by` varchar(5555) NOT NULL,
  `updated_at` timestamp NOT NULL DEFAULT '0000-00-00 00:00:00'
) ENGINE=InnoDB DEFAULT CHARSET=latin1;

--
-- Dumping data for table `events`
--

INSERT INTO `events` (`id`, `event_name`, `event_desc`, `event_date`, `is_active`, `created_by`, `created_at`, `updated_by`, `updated_at`) VALUES
(1, 'CLEANING DRIVE', 'Cleaning Sensation', '2019-02-17', 0, '', '0000-00-00 00:00:00', '', '0000-00-00 00:00:00'),
(2, 'Sport\'s Fest', '2 Day Special of Sport\'s battle between students', '2019-02-17', 0, '', '0000-00-00 00:00:00', '', '0000-00-00 00:00:00'),
(3, 'Today as in Today', 'aaaaaaaaaaaaaaaa', '2019-02-16', 0, '', '0000-00-00 00:00:00', '', '0000-00-00 00:00:00'),
(4, 'asvasfasvasf', 'ssss', '2019-02-16', 0, '', '0000-00-00 00:00:00', '', '0000-00-00 00:00:00'),
(5, 'xxxxxxxxxxxxx', 'xxxasxaxcasfdaefw', '2019-02-16', 0, '', '0000-00-00 00:00:00', '', '0000-00-00 00:00:00'),
(6, 'ewascasdcdcwcadw', 'avfdadasd', '2019-02-17', 0, '', '0000-00-00 00:00:00', '', '0000-00-00 00:00:00'),
(7, 'fasdas', 'fasdasfasd', '2019-02-19', 0, '', '0000-00-00 00:00:00', '', '0000-00-00 00:00:00');

-- --------------------------------------------------------

--
-- Table structure for table `rooms`
--

CREATE TABLE `rooms` (
  `id` int(255) NOT NULL,
  `building_id` int(5) NOT NULL,
  `room_name` varchar(555) NOT NULL,
  `room_type` varchar(555) NOT NULL COMMENT '0 = room, 1 =  faculty office, 2 = comfort room, 3 = Office, 4 = School Facility, 5 = EVENT Room',
  `coordinates` varchar(5555) DEFAULT NULL,
  `created_at` datetime NOT NULL,
  `updated_at` varchar(555) NOT NULL,
  `updated_by` varchar(555) NOT NULL,
  `created_by` varchar(555) NOT NULL
) ENGINE=InnoDB DEFAULT CHARSET=latin1;

--
-- Dumping data for table `rooms`
--

INSERT INTO `rooms` (`id`, `building_id`, `room_name`, `room_type`, `coordinates`, `created_at`, `updated_at`, `updated_by`, `created_by`) VALUES
(1, 1, 'ECB11', '0', '[68.4914960130499, 74.08397102227872]', '2019-01-10 00:00:00', '', '', ''),
(2, 1, 'ECB12', '0', '[69.09573131730747, 75.93750000000001]', '2019-01-10 00:00:00', '', '', ''),
(3, 1, 'ECB13', '0', '[69.77527842282436, 78.39843750000001]', '2019-01-10 00:00:00', '', '', ''),
(4, 1, 'ECB14', '4', '[70.72603320192967, 78.39843750000001]', '2019-01-10 00:00:00', '', '', ''),
(5, 1, 'ECB15', '4', '[71.01422875016989, 64.86328125000001]', '2019-01-10 00:00:00', '', '', ''),
(6, 1, 'ECB16', '4', '[70.25614959754986, 62.22656250000001]', '2019-01-10 00:00:00', '', '', ''),
(7, 1, 'ECB17', '4', '[70.01710130055973, 60.82031250000001]', '2019-01-10 00:00:00', '', '', ''),
(8, 1, 'ECB18', '4', '[70.43363168232683, 69.25781250000001]', '2019-01-10 00:00:00', '', '', ''),
(9, 1, 'ECB19', '4', '[70.07712240672738, 73.47656250000001]', '2019-01-10 00:00:00', '', '', ''),
(10, 1, 'CESD OFFICE', '1', '[71.18514940547249, 70.48828125000001]', '2019-01-10 00:00:00', '', '', ''),
(11, 1, 'CR Female 1', '2', '[70.31548139491441, 80.33203125]', '2019-01-10 00:00:00', '', '', ''),
(12, 1, 'CR Female 2', '2', '[70.31548139491441, 80.33203125]', '2019-01-10 00:00:00', '', '', ''),
(13, 1, 'CR Male 1', '2', '[70.31548139491441, 80.33203125]', '2019-01-10 00:00:00', '', '', ''),
(14, 1, 'CR Male 2', '2', '[70.31548139491441, 80.33203125]', '2019-01-10 00:00:00', '', '', ''),
(15, 2, 'SB 1', '0', '[58.8730172901104, 95.62499463558198]', '2019-01-10 00:00:00', '', '', ''),
(16, 2, 'SB 2', '0', '[58.13795628697171, 100.19530713558198]', '0000-00-00 00:00:00', '', '', ''),
(17, 2, 'SB 3', '0', '[57.57650447391779, 104.76561963558198]', '0000-00-00 00:00:00', '', '', ''),
(18, 2, 'SB 4', '0', '[56.8142035642029, 115.31249463558198]', '0000-00-00 00:00:00', '', '', ''),
(19, 2, 'SB 5', '0', '[58.48902723702328, 117.70312607288362]', '0000-00-00 00:00:00', '', '', ''),
(20, 2, 'SB 6', '0', '[59.610587085083466, 119.88281250000001]', '0000-00-00 00:00:00', '', '', ''),
(21, 2, 'STOCK ROOM ^', '4', '[67.70694629422344, 106.25976562500001]', '0000-00-00 00:00:00', '', '', ''),
(22, 2, 'SB 8', '0', '[63.773705665955454, 128.67187500000003]', '0000-00-00 00:00:00', '', '', ''),
(23, 2, 'SB 9', '0', '[64.46464117787042, 130.07812500000003]', '0000-00-00 00:00:00', '', '', ''),
(24, 2, 'SB 11 (GENERAL/ANALYTICAL CHEMISTRY LABORATORY)', '4', '[68.07066572877342, 107.31445312500001]', '0000-00-00 00:00:00', '', '', ''),
(25, 2, 'BIOCHEMISTRY/ORGANIC CHEMISTRY LABORATORY', '4', '[68.5902174148842, 109.07226562500001]', '0000-00-00 00:00:00', '', '', ''),
(26, 2, 'SB 13', '0', '[68.9714816920771, 110.830078125]', '0000-00-00 00:00:00', '', '', ''),
(27, 2, 'SB 14', '0', '[66.64674383077951, 112.32421875000001]', '0000-00-00 00:00:00', '', '', ''),
(28, 2, 'SB 15', '0', '[66.22486078972993, 111.26953125000001]', '0000-00-00 00:00:00', '', '', ''),
(29, 2, 'SB 16', '0', '[65.50573797489592, 109.51171875000001]', '0000-00-00 00:00:00', '', '', ''),
(30, 2, 'SB 17 (SPEECH LAB)', '4', '[66.15385236732068, 100.54687500000001]', '0000-00-00 00:00:00', '', '', ''),
(31, 2, 'SB 23', '0', '[67.26633510043825, 129.55078125000003]', '0000-00-00 00:00:00', '', '', ''),
(32, 2, 'SB 22', '0', '[66.50690695285023, 127.96875000000001]', '0000-00-00 00:00:00', '', '', ''),
(33, 2, 'SB 21', '0', '[65.65117781898253, 125.85937500000001]', '0000-00-00 00:00:00', '', '', ''),
(34, 2, 'MUSIC ROOM', '4', '[64.54035572894156, 123.75000000000001]', '0000-00-00 00:00:00', '', '', ''),
(35, 2, 'EXTENSION LIBRARY', '4', '[62.09353920772002, 117.07031250000001]', '0000-00-00 00:00:00', '', '', ''),
(36, 2, 'OLD LIBRARY', '4', '[62.25773422633035, 97.91015625]', '0000-00-00 00:00:00', '', '', ''),
(37, 2, 'STOCK ROOM', '4', '[64.91579396128934, 108.10546875000001]', '0000-00-00 00:00:00', '', '', ''),
(38, 2, 'ACCREDITATION ROOM', '4', '[65.68729719833556, 101.40820741653442]', '0000-00-00 00:00:00', '', '', ''),
(39, 2, 'OFFICE OF STUDENTS AFFFAIRS', '3', '[64.69396328425326, 97.998046875]', '0000-00-00 00:00:00', '', '', ''),
(40, 2, 'OFFICE OF THE LIBRARIAN', '3', '[61.08948859230938, 100.72265625000001]', '0000-00-00 00:00:00', '', '', ''),
(41, 2, 'TEACHER EDUCATION DEPARTMENT OFFICE', '3', '[61.67913591425624, 124.10156250000001]', '0000-00-00 00:00:00', '', '', ''),
(42, 2, 'TEACHER EDUCATION FACULTY ROOM', '1', '[62.825432661875176, 126.38671875000001]', '0000-00-00 00:00:00', '', '', ''),
(43, 2, 'CR FEMALE 1', '2', '[61.08948859230938, 122.34375000000001]', '0000-00-00 00:00:00', '', '', ''),
(44, 2, 'CR FEMALE 2', '2', '[63.6178214071039, 121.28906250000001]', '0000-00-00 00:00:00', '', '', ''),
(45, 2, 'CR FEMALE 3', '2', '[64.38871661026694, 106.5234375]', '0000-00-00 00:00:00', '', '', ''),
(46, 2, 'CR FEMALE 4', '2', '[67.3342103342313, 104.765625]', '0000-00-00 00:00:00', '', '', ''),
(47, 2, 'CR FEMALE 5', '2', '[59.54657930296961, 92.48342445388917]', '0000-00-00 00:00:00', '', '', ''),
(48, 2, 'CR MALE 1', '2', '[61.08948859230938, 122.34375000000001]', '0000-00-00 00:00:00', '', '', ''),
(49, 2, 'CR MALE 2', '2', '[63.6178214071039, 121.28906250000001]', '0000-00-00 00:00:00', '', '', ''),
(50, 2, 'CR MALE 3', '2', '[64.38871661026694, 106.5234375]', '0000-00-00 00:00:00', '', '', ''),
(51, 2, 'CR MALE 4', '2', '[67.3342103342313, 104.765625]', '0000-00-00 00:00:00', '', '', ''),
(52, 2, 'CR MALE 5', '2', '[59.54657930296961, 92.48342445388917]', '0000-00-00 00:00:00', '', '', ''),
(53, 3, 'AB 12', '0', '[67.1187028817749, 53.04919548152343]', '0000-00-00 00:00:00', '', '', ''),
(54, 3, 'AB 13', '0', '[66.70535843812478, 56.03669850953874]', '0000-00-00 00:00:00', '', '', ''),
(55, 3, 'AB 14', '0', '[66.14325871905837, 61.748101357214956]', '0000-00-00 00:00:00', '', '', ''),
(56, 3, 'AB 18', '0', '[67.22094975415543, 52.25838585646058]', '0000-00-00 00:00:00', '', '', ''),
(57, 3, 'IMO', '3', '[68.15459165352999, 54.455079259413]', '0000-00-00 00:00:00', '', '', ''),
(58, 3, 'ADMIN OFFICE', '3', '[67.18691561252919, 62.45104324615975]', '0000-00-00 00:00:00', '', '', ''),
(59, 3, 'DEAN\'S OFFICE', '3', '[66.80935111875336, 65.43854627417502]', '0000-00-00 00:00:00', '', '', ''),
(60, 3, 'ASSISTANT DEAN\'S OFFICE', '3', '[66.1787611668824, 69.21685892725313]', '0000-00-00 00:00:00', '', '', ''),
(61, 3, 'CASHIER', '3', '[65.34950249113257, 66.22935589923787]', '0000-00-00 00:00:00', '', '', ''),
(62, 3, 'CR FEMALE 1', '2', '[65.16567897980175, 68.95325571889887]', '0000-00-00 00:00:00', '', '', ''),
(63, 3, 'CR MALE 2', '2', '[65.16567897980175, 68.95325571889887]', '0000-00-00 00:00:00', '', '', ''),
(64, 3, 'AB21', '0', '[68.47913427568672, 51.906914911988174]', '0000-00-00 00:00:00', '', '', ''),
(65, 4, 'TB 1', '0', '[78.3445221070463, 117.47817628646231]', '0000-00-00 00:00:00', '', '', ''),
(66, 4, 'TB 2', '0', '[79.36268325631981, 114.05133457785657]', '0000-00-00 00:00:00', '', '', ''),
(67, 4, 'TB 3', '0', '[79.52361434592342, 109.13074135524316]', '0000-00-00 00:00:00', '', '', ''),
(68, 4, 'TB 4', '0', '[78.83743736904988, 123.69250312865775]', '0000-00-00 00:00:00', '', '', ''),
(69, 4, 'OFFICE OF THE DEPARTMENT CHAIRMAN (TECHNOLOGY DEPT OFFICE)', '3', '[78.20169682039628, 121.08075346730426]', '0000-00-00 00:00:00', '', '', ''),
(70, 4, 'CR FEMALE 1', '2', '[77.94607695854599, 125.15430712654869]', '0000-00-00 00:00:00', '', '', ''),
(71, 4, 'CR MALE 1', '2', '[77.94607695854599, 125.15430712654869]', '0000-00-00 00:00:00', '', '', ''),
(72, 5, 'MTB1', '0', '[79.66496021401548, 92.26013602056868]', '0000-00-00 00:00:00', '', '', ''),
(73, 5, 'MTB2', '0', '[79.36120929621615, 90.23917808985247]', '0000-00-00 00:00:00', '', '', ''),
(74, 5, 'MTB3', '0', '[79.1317617739229, 87.77888147854577]', '0000-00-00 00:00:00', '', '', ''),
(75, 6, 'ER1', '0', '[66.82904671146045, 25.61644826261914]', '0000-00-00 00:00:00', '', '', ''),
(76, 6, 'ER2', '0', '[65.73389925777516, 21.398796928950528]', '0000-00-00 00:00:00', '', '', ''),
(77, 6, 'REGISTRAR', '3', '[67.91043496406769, 29.83409959628779]', '0000-00-00 00:00:00', '', '', ''),
(78, 6, 'SUPPLY OFFICE', '3', '[68.59386749060619, 32.64586715206683]', '0000-00-00 00:00:00', '', '', ''),
(79, 6, 'BAC OFFICE', '3', '[69.22598584806018, 34.84256055501925]', '0000-00-00 00:00:00', '', '', ''),
(80, 7, 'EE-B-1', '0', '[76.72481750039161, 76.47589639844904]', '0000-00-00 00:00:00', '', '', ''),
(81, 7, 'EE-B-2', '0', '[76.00010071382223, 73.04905468984329]', '0000-00-00 00:00:00', '', '', ''),
(82, 7, 'AREC OFFICE', '3', '[75.23665364003836, 69.35860977288321]', '0000-00-00 00:00:00', '', '', ''),
(83, 8, 'RM1', '0', '[69.9965280973792, 137.95135880197873]', '0000-00-00 00:00:00', '', '', ''),
(84, 8, 'RM2', '0', '[71.44595383454957, 143.31129070518259]', '0000-00-00 00:00:00', '', '', ''),
(85, 8, 'RM3', '0', '[72.31986672662431, 146.47452920543407]', '0000-00-00 00:00:00', '', '', ''),
(86, 8, 'RM4', '0', '[72.89743210081345, 147.5289420388512]', '0000-00-00 00:00:00', '', '', ''),
(87, 8, 'RM5', '0', '[73.17931084306665, 141.81753919117497]', '0000-00-00 00:00:00', '', '', ''),
(88, 8, 'RM6 (ORTHOPEDIA ROOM)', '4', '[74.80112425430234, 151.48299016416556]', '0000-00-00 00:00:00', '', '', ''),
(89, 8, 'RM7 (RESEARCH ROOM)', '4', '[75.21017656536831, 146.38666146931595]', '0000-00-00 00:00:00', '', '', ''),
(90, 8, 'RM8 (NURSING OFFICE)', '1', '[75.58661031035213, 140.32378767716733]', '0000-00-00 00:00:00', '', '', ''),
(91, 8, 'RSB-4', '4', '[71.02209079881351, 130.57046896805863]', '0000-00-00 00:00:00', '', '', ''),
(92, 8, 'SKILLS LAB', '4', '[74.80112425430234, 131.88848500983008]', '0000-00-00 00:00:00', '', '', ''),
(93, 8, 'NURSING AVR', '4', '[74.2146230171669, 128.72524650957862]', '0000-00-00 00:00:00', '', '', ''),
(94, 8, 'MEDICAL AND DENTAL CLINIC', '4', '[71.69587282804278, 122.31090177295759]', '0000-00-00 00:00:00', '', '', ''),
(95, 8, 'CR FEMALE 1', '2', '[75.91095833454838, 136.54547502408917]', '0000-00-00 00:00:00', '', '', ''),
(96, 8, 'CR MALE 1', '2', '[75.91095833454838, 136.54547502408917]', '0000-00-00 00:00:00', '', '', ''),
(97, 9, 'FTB1', '0', '[74.2146230171669, 119.32339874494232]', '0000-00-00 00:00:00', '', '', ''),
(98, 9, 'FTB2', '0', '[74.77807794869777, 121.78369535624901]', '0000-00-00 00:00:00', '', '', ''),
(99, 9, 'FTB3', '0', '[75.3218794990744, 124.3318597036738]', '0000-00-00 00:00:00', '', '', ''),
(100, 10, 'COLLEGE DEVELOPMENT AND EXTENSION OFFICE', '3', '[73.09359877234044, 51.46553107637679]', '0000-00-00 00:00:00', '', '', ''),
(101, 10, 'PDMO (PHYSICAL DEVELOPMENT MANAGEMENT OFFICE)', '3', '[73.89212187527603, 55.331711465572994]', '0000-00-00 00:00:00', '', '', ''),
(102, 11, 'ATB1', '0', '[70.34326518553836, 39.339783492079505]', '0000-00-00 00:00:00', '', '', ''),
(103, 11, 'ATB2', '0', '[71.26725988975235, 43.821038034102386]', '0000-00-00 00:00:00', '', '', ''),
(104, 12, 'GUIDANCE OFFICE', '3', '[70.18686965013342, 102.44479446444142]', '0000-00-00 00:00:00', '', '', ''),
(105, 12, 'PUBLICATION CENTER', '3', '[69.76580074986181, 103.32347182562238]', '0000-00-00 00:00:00', '', '', ''),
(106, 12, 'CSC OFFICE', '3', '[69.21181913823801, 99.19368822807186]', '0000-00-00 00:00:00', '', '', ''),
(107, 12, 'NSTP OFFICE', '3', '[68.96097683057384, 101.30251389490618]', '0000-00-00 00:00:00', '', '', ''),
(108, 12, 'CR Female/Male', '2', '[69.30514619741268, 97.08486256123753]', '0000-00-00 00:00:00', '', '', '');

-- --------------------------------------------------------

--
-- Table structure for table `sub_events`
--

CREATE TABLE `sub_events` (
  `id` int(11) NOT NULL,
  `event_id` int(5) NOT NULL,
  `building_id` int(5) NOT NULL,
  `room_id` int(255) DEFAULT NULL,
  `sub_event_name` varchar(5555) NOT NULL,
  `sub_event_desc` varchar(5555) NOT NULL,
  `sub_event_time_start` varchar(555) NOT NULL,
  `sub_event_time_end` varchar(555) NOT NULL,
  `sub_event_hosted_at` varchar(5555) NOT NULL,
  `sub_event_hosted_by` varchar(5555) NOT NULL,
  `is_active` int(5) NOT NULL,
  `created_by` varchar(5555) NOT NULL,
  `created_at` timestamp NOT NULL DEFAULT '0000-00-00 00:00:00',
  `updated_by` varchar(5555) NOT NULL,
  `updated_at` timestamp NOT NULL DEFAULT '0000-00-00 00:00:00'
) ENGINE=InnoDB DEFAULT CHARSET=latin1;

--
-- Dumping data for table `sub_events`
--

INSERT INTO `sub_events` (`id`, `event_id`, `building_id`, `room_id`, `sub_event_name`, `sub_event_desc`, `sub_event_time_start`, `sub_event_time_end`, `sub_event_hosted_at`, `sub_event_hosted_by`, `is_active`, `created_by`, `created_at`, `updated_by`, `updated_at`) VALUES
(1, 1, 9, 98, 'Orientation', 'Meetup and ORIENTATION', '08:00', '11:42', 'FOOD TECHNOLOGY BUILDING - FTB2', 'Mam Chie', 0, '', '0000-00-00 00:00:00', '', '0000-00-00 00:00:00'),
(2, 1, 4, 67, 'Clean University', 'Clean the School', '10:00', '12:40', 'TECHNOLOGY BUILDING - TB 3', 'Mr. Jobert', 0, '', '0000-00-00 00:00:00', '', '0000-00-00 00:00:00'),
(3, 2, 13, NULL, 'Orientation', 'All Departments Orientation', '08:00', '09:32', 'BUPC Gymnasium', 'Sport\'s Federation', 0, '', '0000-00-00 00:00:00', '', '0000-00-00 00:00:00'),
(4, 2, 13, NULL, 'Basketball', 'CESD vs EDUC', '08:00', '11:42', 'BUPC Gymnasium', 'Sport\'s Federation', 0, '', '0000-00-00 00:00:00', '', '0000-00-00 00:00:00'),
(5, 2, 16, NULL, 'Lunch', 'Free Food for Players', '08:00', '11:42', 'CANTEEN', 'Dean', 0, '', '0000-00-00 00:00:00', '', '0000-00-00 00:00:00'),
(6, 2, 13, NULL, 'Basketball', 'TECHNOLOGY vs NURSING', '13:00', '23:00', 'BUPC Gymnasium', 'Sport\'s Federation', 0, '', '0000-00-00 00:00:00', '', '0000-00-00 00:00:00'),
(7, 2, 13, NULL, 'Basketball', 'FINALS\nWinner vs Winner', '00:00', '00:40', 'BUPC Gymnasium', 'Sport\'s Federation and Dean', 0, '', '0000-00-00 00:00:00', '', '0000-00-00 00:00:00'),
(8, 3, 14, NULL, 'abcdefghijklomoasf', 'defewgwefewf', '00:08', '00:34', 'AUDIO VISUAL ROOM BUILDING', 'asdasfa', 1, '', '0000-00-00 00:00:00', '', '0000-00-00 00:00:00'),
(9, 4, 16, NULL, 'gasdasdas', 'asfsadas', '00:08', '00:33', 'CANTEEN', 'fassadasf', 1, '', '0000-00-00 00:00:00', '', '0000-00-00 00:00:00'),
(10, 5, 6, 77, 'vefwfeewf', 'gewfewg', '00:12', '00:20', 'CACAPIT BUILDING - REGISTRAR', 'wegewewf', 1, '', '0000-00-00 00:00:00', '', '0000-00-00 00:00:00'),
(11, 6, 2, 17, 'fasdasdasdd', 'fasfqefdwad', '08:00', '10:00', 'SALCEDA BUILDING - SB 3', 'faewdefw', 1, '', '0000-00-00 00:00:00', '', '0000-00-00 00:00:00'),
(12, 7, 2, 16, 'asfasdasd', 'fafsdasf', '08:10', '22:20', 'SALCEDA BUILDING - SB 2', 'aasfasdasd', 1, '', '0000-00-00 00:00:00', '', '0000-00-00 00:00:00');

-- --------------------------------------------------------

--
-- Table structure for table `user`
--

CREATE TABLE `user` (
  `id` int(11) NOT NULL,
  `username` varchar(5555) NOT NULL,
  `password` varchar(5555) NOT NULL,
  `access_id` tinyint(4) NOT NULL COMMENT '0 = temporary, 1 = admin',
  `temp_pass` varchar(5555) DEFAULT NULL,
  `is_active` int(5) NOT NULL
) ENGINE=InnoDB DEFAULT CHARSET=latin1;

--
-- Dumping data for table `user`
--

INSERT INTO `user` (`id`, `username`, `password`, `access_id`, `temp_pass`, `is_active`) VALUES
(1, 'administrator_developer', '$2y$10$bgmqplh.Ie4ovR6ncKihDOZm1/8mneOtGcjReDVyAzF9ZWl3L9.ZC', 1, NULL, 1),
(2, 'temporary', '$2y$10$vBZkqJ5my.QjZZ7XZN577ux1hOLWGC5ao4munYoADz/Z.QBorpytm', 0, 'uxj52ih4sf', 1),
(3, 'backupadmin', '$2y$10$in4JNtkT37QD8Au4eNRvm.WKXJdoEtRJXDpq0z4xqGOobzAnJI00G', 1, NULL, 1),
(4, 'temporary_acc_1', '$2y$10$9x.K/BVbA3XU7XG17mKvfuMW2XHSpjQQRR911SDbBxc1iNip/Y5qK', 0, '693zwxim5l', 1),
(5, 'temporary_acc_2', '$2y$10$WPK1Ez/Je.Ati3fpxnSb1./sUyQQDKvFeqKT0TDKpEuP5ACXfFIUW', 0, '61dnswwz4z', 1),
(6, 'temporary_acc_3', '$2y$10$PPoY0elJrVjFc.cQbzwgPeaRDY8jtbWSGW3joAv8mCpGGLtk3tD6K', 0, 'ri2t5qbzy6', 1),
(7, 'temporary_acc_4', '$2y$10$OLxdC9C806s07SVXqTxfV.yM.xXHESoqElmWKsI071ESZd8KcuUfy', 0, 'e1vryyv872', 1),
(8, 'temporary_acc_5', '$2y$10$6yIrIgoGmmA05n/nJWlR.uYFzuGQ1hpGszZhJ/TZ3PiwIkRj/KpM6', 0, 'kbojk3i6q3', 1),
(9, 'temporary_acc_6', '$2y$10$exBw7J8GhiP8pddLdqLXduRzuNC3AB1dS.CYIWqPtYZ7bxrb/irui', 0, 'tew18i0c83', 1),
(10, 'temporary_acc_7', '$2y$10$LHWJiX8.ZXyIPANbqSaJPeqLd98YO8UBkX8FybwbTbNX5T21eyzNy', 0, 'tzgbzfiuy1', 1),
(11, 'temporary_acc_8', '$2y$10$NgXcdHQlTYwm..OG6CW5f.TrfifdThmcxPoJThezl0vlmMM9FhpxG', 0, '9f9s6fk1i8', 1),
(12, 'temporary_acc_9', '$2y$10$bgf2rdjKVy9A5Hji.4.yTu3uDiyvzvyN9bAbKHdsmAMYE/BfbDVG6', 0, 'theaxhyrqm', 1),
(13, 'temporary_acc_10', '$2y$10$I9.qMFqla7BJy5FvPjWdE.B0V6MjX4aeoeuIgAjXPy7mi90hiq.ti', 0, 'ka5pp1ouok', 1),
(14, 'administrator', '$2y$10$DAZeeqCOrWW/VR.ztwtkyukRfVEsanAgopDI4azO5h5F1rC8sfRCq', 1, NULL, 1);

--
-- Indexes for dumped tables
--

--
-- Indexes for table `buildings`
--
ALTER TABLE `buildings`
  ADD PRIMARY KEY (`id`);

--
-- Indexes for table `events`
--
ALTER TABLE `events`
  ADD PRIMARY KEY (`id`);

--
-- Indexes for table `rooms`
--
ALTER TABLE `rooms`
  ADD PRIMARY KEY (`id`);

--
-- Indexes for table `sub_events`
--
ALTER TABLE `sub_events`
  ADD PRIMARY KEY (`id`);

--
-- Indexes for table `user`
--
ALTER TABLE `user`
  ADD PRIMARY KEY (`id`);

--
-- AUTO_INCREMENT for dumped tables
--

--
-- AUTO_INCREMENT for table `buildings`
--
ALTER TABLE `buildings`
  MODIFY `id` int(255) NOT NULL AUTO_INCREMENT, AUTO_INCREMENT=22;

--
-- AUTO_INCREMENT for table `events`
--
ALTER TABLE `events`
  MODIFY `id` int(11) NOT NULL AUTO_INCREMENT, AUTO_INCREMENT=8;

--
-- AUTO_INCREMENT for table `rooms`
--
ALTER TABLE `rooms`
  MODIFY `id` int(255) NOT NULL AUTO_INCREMENT, AUTO_INCREMENT=109;

--
-- AUTO_INCREMENT for table `sub_events`
--
ALTER TABLE `sub_events`
  MODIFY `id` int(11) NOT NULL AUTO_INCREMENT, AUTO_INCREMENT=13;

--
-- AUTO_INCREMENT for table `user`
--
ALTER TABLE `user`
  MODIFY `id` int(11) NOT NULL AUTO_INCREMENT, AUTO_INCREMENT=15;
COMMIT;

/*!40101 SET CHARACTER_SET_CLIENT=@OLD_CHARACTER_SET_CLIENT */;
/*!40101 SET CHARACTER_SET_RESULTS=@OLD_CHARACTER_SET_RESULTS */;
/*!40101 SET COLLATION_CONNECTION=@OLD_COLLATION_CONNECTION */;
